{"database":{"1276612426":{"ChatId":1276612426,"lastPet":44775.83422923611,"lastFeed":44775.83403375,"petDelay":22,"feedDelay":20,"level":1,"petState":0,"happines":11}}}